OFF-AR-10002704,Boston 1900 Electric Pencil Sharpener,1
FUR-BO-10002206,"Bush Saratoga Collection 5-Shelf Bookcase, Hanover Cherry, *Special Order",1
FUR-CH-10002317,Global Enterprise Series Seating Low-Back Swivel/Tilt Chairs,1
TEC-MA-10003493,Penpower WorldCard Pro Card Scanner,1
OFF-PA-10000048,Xerox 20,1
OFF-LA-10003388,Avery 5,2
OFF-AR-10003986,Avery Hi-Liter Pen Style Six-Color Fluorescent Set,2
FUR-TA-10001691,"Barricks Non-Folding Utility Table with Steel Legs, Laminate Tops",2
TEC-MA-10002927,Canon imageCLASS MF7460 Monochrome Digital Laser Multifunction Copier,2
OFF-AP-10002203,Eureka Disposable Bags for Sanitaire Vibra Groomer I Upright Vac,2
OFF-EN-10001535,Grip Seal Envelopes,2
TEC-MA-10002694,Hewlett-Packard Deskjet F4180 All-in-One Color Ink-jet - Printer / copier / scanner,2
OFF-EN-10001749,Jiffy Padded Mailers with Self-Seal Closure,2
TEC-AC-10003133,Memorex Mini Travel Drive 4 GB USB 2.0 Flash Drive,2
OFF-EN-10004206,Multimedia Mailers,2
TEC-MA-10002790,NeatDesk Desktop Scanner & Digital Filing System,2
TEC-MA-10001856,Okidata C610n Printer,2
TEC-PH-10004875,PNY Rapid USB Car Charger - Black,2
TEC-PH-10003535,RCA ViSYS 25423RE1 Corded phone,2
FUR-FU-10002874,Ultra Commercial Grade Dual Valve Door Closer,2
